{
 "index":{
  "map":{
   "Elevator":0,
   "Elevator:1":0,
   "Elevator:2":0,
   "Elevator:3":0,
   "Elevator:4":0,
   "Elevator:5":0,
   "Elevator:6":0,
   "Elevator:7":0,
   "Elevator:8":0,
   "Elevator:9":0,
   "Elevator:10":0,
   "Elevator:11":0,
   "Elevator:12":0,
   "Elevator:8#out:1":0,
   "Elevator:6#out:1":0,
   "Elevator:5#out:1":0,
   "Elevator:4#out:1":0,
   "Elevator:3#out:1":0,
   "Elevator:2#out:1":0,
   "Elevator:7#out:1":0,
   "Elevator:9#out:1":0,
   "Elevator:10#out:1":0,
   "Elevator:11#out:1":0,
   "Elevator:12#out:1":0
  },
  "url":[
   "support/systems/Elevator.json"
  ]
 },
 "homeHid":1,
 "hasInformer":0,
 "hier":[
  {
   "name":"Elevator",
   "fullname":"Elevator",
   "sid":"Elevator",
   "icon":"ModelBrowser_ModelTop_16",
   "hid":"1",
   "lid":"Elevator",
   "parent":"root",
   "src":"support/systems/Elevator.svg",
   "thumbnail":"support/systems/Elevator.png"
  }
 ]
}